<hibernate-configuration>
    <session-factory>

        <property name="dialect">org.hibernate.dialect.MySQL8Dialect</property>
        <property name="connection.driver_class">com.mysql.jdbc.Driver</property>
        <property name="connection.url">jdbc:mysql://localhost:3306/school_fx</property>
        <property name="connection.username">root</property>
        <property name="connection.password">12345678</property>
        <property name="hibernate.show_sql ">true</property>
        <property name="hbm2ddl.auto">create</property>

    </session-factory>
</hibernate-configuration>
